"Run","Run ID","metric","step","timestamp","value"
"multinerd/20000/google/flan-t5-xxl/random-prefix","611a1bffbab54d4db03e694c571c592f","loss","100","1778465526011","0.29690851211547853"
"multinerd/20000/google/flan-t5-xxl/random-prefix","611a1bffbab54d4db03e694c571c592f","loss","200","1778465567338","0.27380474090576173"
"multinerd/20000/google/flan-t5-xxl/random-prefix","611a1bffbab54d4db03e694c571c592f","loss","300","1778465608990","0.2669811630249023"
"multinerd/20000/google/flan-t5-xxl/random-prefix","611a1bffbab54d4db03e694c571c592f","loss","400","1778465650414","0.26986217498779297"
"multinerd/20000/google/flan-t5-xxl/random-prefix","611a1bffbab54d4db03e694c571c592f","loss","500","1778465691341","0.2722681999206543"
"multinerd/20000/google/flan-t5-xxl/random-prefix","611a1bffbab54d4db03e694c571c592f","loss","600","1778465732626","0.27804174423217776"
"multinerd/20000/google/flan-t5-xxl/random-prefix","611a1bffbab54d4db03e694c571c592f","loss","700","1778465772828","0.28612337112426756"
"multinerd/20000/google/flan-t5-xxl/random-prefix","611a1bffbab54d4db03e694c571c592f","loss","800","1778465814723","0.25818557739257814"
"multinerd/20000/google/flan-t5-xxl/random-prefix","611a1bffbab54d4db03e694c571c592f","loss","900","1778465854960","0.253260440826416"
"multinerd/20000/google/flan-t5-xxl/random-prefix","611a1bffbab54d4db03e694c571c592f","loss","1000","1778465896131","0.26132543563842775"
"multinerd/20000/google/flan-t5-xxl/random-prefix","611a1bffbab54d4db03e694c571c592f","loss","1100","1778467137399","0.2503492736816406"
"multinerd/20000/google/flan-t5-xxl/random-prefix","611a1bffbab54d4db03e694c571c592f","loss","1200","1778467178957","0.2539319801330566"
"multinerd/20000/google/flan-t5-xxl/random-prefix","611a1bffbab54d4db03e694c571c592f","loss","1300","1778467220720","0.2612235641479492"
"multinerd/20000/google/flan-t5-xxl/random-prefix","611a1bffbab54d4db03e694c571c592f","loss","1400","1778467261353","0.2501844596862793"
"multinerd/20000/google/flan-t5-xxl/random-prefix","611a1bffbab54d4db03e694c571c592f","loss","1500","1778467302905","0.23448699951171875"
"multinerd/20000/google/flan-t5-xxl/random-prefix","611a1bffbab54d4db03e694c571c592f","loss","1600","1778467344121","0.24524023056030272"
"multinerd/20000/google/flan-t5-xxl/random-prefix","611a1bffbab54d4db03e694c571c592f","loss","1700","1778467385037","0.25827224731445314"
"multinerd/20000/google/flan-t5-xxl/random-prefix","611a1bffbab54d4db03e694c571c592f","loss","1800","1778467426218","0.2795876884460449"
"multinerd/20000/google/flan-t5-xxl/random-prefix","611a1bffbab54d4db03e694c571c592f","loss","1900","1778467467132","0.2623130798339844"
"multinerd/20000/google/flan-t5-xxl/random-prefix","611a1bffbab54d4db03e694c571c592f","loss","2000","1778467508031","0.23958732604980468"
"multinerd/20000/google/flan-t5-xxl/random-prefix","611a1bffbab54d4db03e694c571c592f","loss","2100","1778467548331","0.24762767791748047"
"multinerd/20000/google/flan-t5-xxl/random-prefix","611a1bffbab54d4db03e694c571c592f","loss","2200","1778468776722","0.22752996444702148"
"multinerd/20000/google/flan-t5-xxl/random-prefix","611a1bffbab54d4db03e694c571c592f","loss","2300","1778468817687","0.22002145767211914"
"multinerd/20000/google/flan-t5-xxl/random-prefix","611a1bffbab54d4db03e694c571c592f","loss","2400","1778468858780","0.26335317611694337"
"multinerd/20000/google/flan-t5-xxl/random-prefix","611a1bffbab54d4db03e694c571c592f","loss","2500","1778468899660","0.24902137756347656"
"multinerd/20000/google/flan-t5-xxl/random-prefix","611a1bffbab54d4db03e694c571c592f","loss","2600","1778468940153","0.25017389297485354"
"multinerd/20000/google/flan-t5-xxl/random-prefix","611a1bffbab54d4db03e694c571c592f","loss","2700","1778468981051","0.23471429824829101"
"multinerd/20000/google/flan-t5-xxl/random-prefix","611a1bffbab54d4db03e694c571c592f","loss","2800","1778469022630","0.23802669525146483"
"multinerd/20000/google/flan-t5-xxl/random-prefix","611a1bffbab54d4db03e694c571c592f","loss","2900","1778469063658","0.22814136505126953"
"multinerd/20000/google/flan-t5-xxl/random-prefix","611a1bffbab54d4db03e694c571c592f","loss","3000","1778469104487","0.2523971176147461"
"multinerd/20000/google/flan-t5-xxl/random-prefix","611a1bffbab54d4db03e694c571c592f","loss","3100","1778469146063","0.24087459564208985"
"multinerd/20000/google/flan-t5-xxl/random-prefix","611a1bffbab54d4db03e694c571c592f","loss","3200","1778469187705","0.21034564971923828"
"multinerd/20000/google/flan-t5-xxl/random-prefix","611a1bffbab54d4db03e694c571c592f","loss","3300","1778470416815","0.22943685531616212"
"multinerd/20000/google/flan-t5-xxl/random-prefix","611a1bffbab54d4db03e694c571c592f","loss","3400","1778470457559","0.23633634567260742"
"multinerd/20000/google/flan-t5-xxl/random-prefix","611a1bffbab54d4db03e694c571c592f","loss","3500","1778470498605","0.2363656997680664"
"multinerd/20000/google/flan-t5-xxl/random-prefix","611a1bffbab54d4db03e694c571c592f","loss","3600","1778470540205","0.22070081710815428"
"multinerd/20000/google/flan-t5-xxl/random-prefix","611a1bffbab54d4db03e694c571c592f","loss","3700","1778470581338","0.21931047439575196"
"multinerd/20000/google/flan-t5-xxl/random-prefix","611a1bffbab54d4db03e694c571c592f","loss","3800","1778470622265","0.21127445220947266"
"multinerd/20000/google/flan-t5-xxl/random-prefix","611a1bffbab54d4db03e694c571c592f","loss","3900","1778470663440","0.23743059158325194"
"multinerd/20000/google/flan-t5-xxl/random-prefix","611a1bffbab54d4db03e694c571c592f","loss","4000","1778470704466","0.23120761871337892"
"multinerd/20000/google/flan-t5-xxl/random-prefix","611a1bffbab54d4db03e694c571c592f","loss","4100","1778470745451","0.2219388198852539"
"multinerd/20000/google/flan-t5-xxl/random-prefix","611a1bffbab54d4db03e694c571c592f","loss","4200","1778470786316","0.21017347335815428"
"multinerd/20000/google/flan-t5-xxl/random-prefix","611a1bffbab54d4db03e694c571c592f","loss","4300","1778472016748","0.223763370513916"
"multinerd/20000/google/flan-t5-xxl/random-prefix","611a1bffbab54d4db03e694c571c592f","loss","4400","1778472057803","0.21914405822753907"
"multinerd/20000/google/flan-t5-xxl/random-prefix","611a1bffbab54d4db03e694c571c592f","loss","4500","1778472099044","0.22197986602783204"
"multinerd/20000/google/flan-t5-xxl/random-prefix","611a1bffbab54d4db03e694c571c592f","loss","4600","1778472139973","0.21769437789916993"
"multinerd/20000/google/flan-t5-xxl/random-prefix","611a1bffbab54d4db03e694c571c592f","loss","4700","1778472181273","0.23122859954833985"
"multinerd/20000/google/flan-t5-xxl/random-prefix","611a1bffbab54d4db03e694c571c592f","loss","4800","1778472222078","0.20124189376831056"
"multinerd/20000/google/flan-t5-xxl/random-prefix","611a1bffbab54d4db03e694c571c592f","loss","4900","1778472263551","0.2213325309753418"
"multinerd/20000/google/flan-t5-xxl/random-prefix","611a1bffbab54d4db03e694c571c592f","loss","5000","1778472303888","0.20979114532470702"
"multinerd/20000/google/flan-t5-xxl/random-prefix","611a1bffbab54d4db03e694c571c592f","loss","5100","1778472345134","0.2154127311706543"
"multinerd/20000/google/flan-t5-xxl/random-prefix","611a1bffbab54d4db03e694c571c592f","loss","5200","1778472385691","0.20850883483886717"
"multinerd/20000/google/flan-t5-xxl/random-prefix","611a1bffbab54d4db03e694c571c592f","loss","5300","1778472426940","0.19316268920898438"
"multinerd/20000/google/flan-t5-xxl/random-prefix","611a1bffbab54d4db03e694c571c592f","loss","5400","1778473664103","0.2076706123352051"
"multinerd/20000/google/flan-t5-xxl/random-prefix","611a1bffbab54d4db03e694c571c592f","loss","5500","1778473704897","0.20703746795654296"
"multinerd/20000/google/flan-t5-xxl/random-prefix","611a1bffbab54d4db03e694c571c592f","loss","5600","1778473745757","0.20506982803344725"
"multinerd/20000/google/flan-t5-xxl/random-prefix","611a1bffbab54d4db03e694c571c592f","loss","5700","1778473786913","0.22327201843261718"
"multinerd/20000/google/flan-t5-xxl/random-prefix","611a1bffbab54d4db03e694c571c592f","loss","5800","1778473827664","0.2336090087890625"
"multinerd/20000/google/flan-t5-xxl/random-prefix","611a1bffbab54d4db03e694c571c592f","loss","5900","1778473868905","0.23535537719726562"
"multinerd/20000/google/flan-t5-xxl/random-prefix","611a1bffbab54d4db03e694c571c592f","loss","6000","1778473910539","0.23006914138793946"
"multinerd/20000/google/flan-t5-xxl/random-prefix","611a1bffbab54d4db03e694c571c592f","loss","6100","1778473950715","0.24329017639160155"
"multinerd/20000/google/flan-t5-xxl/random-prefix","611a1bffbab54d4db03e694c571c592f","loss","6200","1778473991554","0.21871000289916992"
"multinerd/20000/google/flan-t5-xxl/random-prefix","611a1bffbab54d4db03e694c571c592f","loss","6300","1778474032346","0.24031881332397462"
"multinerd/20000/google/flan-t5-xxl/random-prefix","611a1bffbab54d4db03e694c571c592f","loss","6400","1778474074046","0.21112401962280272"
"multinerd/20000/google/flan-t5-xxl/random-prefix","611a1bffbab54d4db03e694c571c592f","loss","6500","1778475303749","0.20475885391235352"
"multinerd/20000/google/flan-t5-xxl/random-prefix","611a1bffbab54d4db03e694c571c592f","loss","6600","1778475343885","0.21912443161010742"
"multinerd/20000/google/flan-t5-xxl/random-prefix","611a1bffbab54d4db03e694c571c592f","loss","6700","1778475384737","0.21021390914916993"
"multinerd/20000/google/flan-t5-xxl/random-prefix","611a1bffbab54d4db03e694c571c592f","loss","6800","1778475426168","0.19234294891357423"
"multinerd/20000/google/flan-t5-xxl/random-prefix","611a1bffbab54d4db03e694c571c592f","loss","6900","1778475466355","0.22591930389404297"
"multinerd/20000/google/flan-t5-xxl/random-prefix","611a1bffbab54d4db03e694c571c592f","loss","7000","1778475506756","0.21454378128051757"
"multinerd/20000/google/flan-t5-xxl/random-prefix","611a1bffbab54d4db03e694c571c592f","loss","7100","1778475547999","0.22156103134155272"
"multinerd/20000/google/flan-t5-xxl/random-prefix","611a1bffbab54d4db03e694c571c592f","loss","7200","1778475589146","0.2087429618835449"
"multinerd/20000/google/flan-t5-xxl/random-prefix","611a1bffbab54d4db03e694c571c592f","loss","7300","1778475630717","0.19966758728027345"
"multinerd/20000/google/flan-t5-xxl/random-prefix","611a1bffbab54d4db03e694c571c592f","loss","7400","1778475671686","0.21285173416137695"
"multinerd/20000/google/flan-t5-xxl/random-prefix","611a1bffbab54d4db03e694c571c592f","loss","7500","1778476904829","0.2148629379272461"
"multinerd/20000/google/flan-t5-xxl/pretrained-prefix","160104841b604d709e30275a005912ac","loss","100","1778450509416","0.32517513275146487"
"multinerd/20000/google/flan-t5-xxl/pretrained-prefix","160104841b604d709e30275a005912ac","loss","200","1778450550804","0.2523489570617676"
"multinerd/20000/google/flan-t5-xxl/pretrained-prefix","160104841b604d709e30275a005912ac","loss","300","1778450592551","0.22105392456054687"
"multinerd/20000/google/flan-t5-xxl/pretrained-prefix","160104841b604d709e30275a005912ac","loss","400","1778450633921","0.20592525482177734"
"multinerd/20000/google/flan-t5-xxl/pretrained-prefix","160104841b604d709e30275a005912ac","loss","500","1778450674682","0.19731006622314454"
"multinerd/20000/google/flan-t5-xxl/pretrained-prefix","160104841b604d709e30275a005912ac","loss","600","1778450715990","0.183371639251709"
"multinerd/20000/google/flan-t5-xxl/pretrained-prefix","160104841b604d709e30275a005912ac","loss","700","1778450756195","0.18714908599853516"
"multinerd/20000/google/flan-t5-xxl/pretrained-prefix","160104841b604d709e30275a005912ac","loss","800","1778450797932","0.15190216064453124"
"multinerd/20000/google/flan-t5-xxl/pretrained-prefix","160104841b604d709e30275a005912ac","loss","900","1778450837823","0.14331241607666015"
"multinerd/20000/google/flan-t5-xxl/pretrained-prefix","160104841b604d709e30275a005912ac","loss","1000","1778450878778","0.15995854377746582"
"multinerd/20000/google/flan-t5-xxl/pretrained-prefix","160104841b604d709e30275a005912ac","loss","1100","1778452111472","0.14652557373046876"
"multinerd/20000/google/flan-t5-xxl/pretrained-prefix","160104841b604d709e30275a005912ac","loss","1200","1778452152607","0.15097335815429688"
"multinerd/20000/google/flan-t5-xxl/pretrained-prefix","160104841b604d709e30275a005912ac","loss","1300","1778452194139","0.1668134117126465"
"multinerd/20000/google/flan-t5-xxl/pretrained-prefix","160104841b604d709e30275a005912ac","loss","1400","1778452234623","0.14164844512939453"
"multinerd/20000/google/flan-t5-xxl/pretrained-prefix","160104841b604d709e30275a005912ac","loss","1500","1778452275887","0.12574188232421876"
"multinerd/20000/google/flan-t5-xxl/pretrained-prefix","160104841b604d709e30275a005912ac","loss","1600","1778452316758","0.132584810256958"
"multinerd/20000/google/flan-t5-xxl/pretrained-prefix","160104841b604d709e30275a005912ac","loss","1700","1778452357460","0.14177103996276855"
"multinerd/20000/google/flan-t5-xxl/pretrained-prefix","160104841b604d709e30275a005912ac","loss","1800","1778452398506","0.13552785873413087"
"multinerd/20000/google/flan-t5-xxl/pretrained-prefix","160104841b604d709e30275a005912ac","loss","1900","1778452439712","0.1446578311920166"
"multinerd/20000/google/flan-t5-xxl/pretrained-prefix","160104841b604d709e30275a005912ac","loss","2000","1778452481003","0.1317116165161133"
"multinerd/20000/google/flan-t5-xxl/pretrained-prefix","160104841b604d709e30275a005912ac","loss","2100","1778452521623","0.12216545104980468"
"multinerd/20000/google/flan-t5-xxl/pretrained-prefix","160104841b604d709e30275a005912ac","loss","2200","1778453753914","0.11905686378479004"
"multinerd/20000/google/flan-t5-xxl/pretrained-prefix","160104841b604d709e30275a005912ac","loss","2300","1778453794929","0.10663054466247558"
"multinerd/20000/google/flan-t5-xxl/pretrained-prefix","160104841b604d709e30275a005912ac","loss","2400","1778453836086","0.13051015853881837"
"multinerd/20000/google/flan-t5-xxl/pretrained-prefix","160104841b604d709e30275a005912ac","loss","2500","1778453877000","0.11923398017883301"
"multinerd/20000/google/flan-t5-xxl/pretrained-prefix","160104841b604d709e30275a005912ac","loss","2600","1778453917537","0.11713933944702148"
"multinerd/20000/google/flan-t5-xxl/pretrained-prefix","160104841b604d709e30275a005912ac","loss","2700","1778453958559","0.10896359443664551"
"multinerd/20000/google/flan-t5-xxl/pretrained-prefix","160104841b604d709e30275a005912ac","loss","2800","1778454000260","0.11085515975952148"
"multinerd/20000/google/flan-t5-xxl/pretrained-prefix","160104841b604d709e30275a005912ac","loss","2900","1778454041340","0.11749375343322754"
"multinerd/20000/google/flan-t5-xxl/pretrained-prefix","160104841b604d709e30275a005912ac","loss","3000","1778454082218","0.12038056373596191"
"multinerd/20000/google/flan-t5-xxl/pretrained-prefix","160104841b604d709e30275a005912ac","loss","3100","1778454123812","0.09937554359436035"
"multinerd/20000/google/flan-t5-xxl/pretrained-prefix","160104841b604d709e30275a005912ac","loss","3200","1778454165498","0.09932713508605957"
"multinerd/20000/google/flan-t5-xxl/pretrained-prefix","160104841b604d709e30275a005912ac","loss","3300","1778455397244","0.10854477882385254"
"multinerd/20000/google/flan-t5-xxl/pretrained-prefix","160104841b604d709e30275a005912ac","loss","3400","1778455438057","0.12428232192993165"
"multinerd/20000/google/flan-t5-xxl/pretrained-prefix","160104841b604d709e30275a005912ac","loss","3500","1778455479199","0.11046809196472168"
"multinerd/20000/google/flan-t5-xxl/pretrained-prefix","160104841b604d709e30275a005912ac","loss","3600","1778455520750","0.11149596214294434"
"multinerd/20000/google/flan-t5-xxl/pretrained-prefix","160104841b604d709e30275a005912ac","loss","3700","1778455561911","0.09971623420715332"
"multinerd/20000/google/flan-t5-xxl/pretrained-prefix","160104841b604d709e30275a005912ac","loss","3800","1778455602871","0.09345458030700683"
"multinerd/20000/google/flan-t5-xxl/pretrained-prefix","160104841b604d709e30275a005912ac","loss","3900","1778455644086","0.09795303344726562"
"multinerd/20000/google/flan-t5-xxl/pretrained-prefix","160104841b604d709e30275a005912ac","loss","4000","1778455685210","0.10587404251098632"
"multinerd/20000/google/flan-t5-xxl/pretrained-prefix","160104841b604d709e30275a005912ac","loss","4100","1778455726293","0.09823863983154296"
"multinerd/20000/google/flan-t5-xxl/pretrained-prefix","160104841b604d709e30275a005912ac","loss","4200","1778455767187","0.08777540206909179"
"multinerd/20000/google/flan-t5-xxl/pretrained-prefix","160104841b604d709e30275a005912ac","loss","4300","1778456995741","0.09894106864929199"
"multinerd/20000/google/flan-t5-xxl/pretrained-prefix","160104841b604d709e30275a005912ac","loss","4400","1778457036903","0.0908532428741455"
"multinerd/20000/google/flan-t5-xxl/pretrained-prefix","160104841b604d709e30275a005912ac","loss","4500","1778457078204","0.10276495933532714"
"multinerd/20000/google/flan-t5-xxl/pretrained-prefix","160104841b604d709e30275a005912ac","loss","4600","1778457119120","0.0900551986694336"
"multinerd/20000/google/flan-t5-xxl/pretrained-prefix","160104841b604d709e30275a005912ac","loss","4700","1778457160423","0.10670873641967774"
"multinerd/20000/google/flan-t5-xxl/pretrained-prefix","160104841b604d709e30275a005912ac","loss","4800","1778457201242","0.08031518936157227"
"multinerd/20000/google/flan-t5-xxl/pretrained-prefix","160104841b604d709e30275a005912ac","loss","4900","1778457242764","0.09777408599853515"
"multinerd/20000/google/flan-t5-xxl/pretrained-prefix","160104841b604d709e30275a005912ac","loss","5000","1778457283199","0.087942476272583"
"multinerd/20000/google/flan-t5-xxl/pretrained-prefix","160104841b604d709e30275a005912ac","loss","5100","1778457324470","0.08563285827636719"
"multinerd/20000/google/flan-t5-xxl/pretrained-prefix","160104841b604d709e30275a005912ac","loss","5200","1778457365104","0.08387989044189453"
"multinerd/20000/google/flan-t5-xxl/pretrained-prefix","160104841b604d709e30275a005912ac","loss","5300","1778457406585","0.07739130973815918"
"multinerd/20000/google/flan-t5-xxl/pretrained-prefix","160104841b604d709e30275a005912ac","loss","5400","1778458636634","0.0918681812286377"
"multinerd/20000/google/flan-t5-xxl/pretrained-prefix","160104841b604d709e30275a005912ac","loss","5500","1778458677554","0.07777347087860108"
"multinerd/20000/google/flan-t5-xxl/pretrained-prefix","160104841b604d709e30275a005912ac","loss","5600","1778458718458","0.08538729667663575"
"multinerd/20000/google/flan-t5-xxl/pretrained-prefix","160104841b604d709e30275a005912ac","loss","5700","1778458759574","0.08899201393127441"
"multinerd/20000/google/flan-t5-xxl/pretrained-prefix","160104841b604d709e30275a005912ac","loss","5800","1778458800325","0.10328838348388672"
"multinerd/20000/google/flan-t5-xxl/pretrained-prefix","160104841b604d709e30275a005912ac","loss","5900","1778458841627","0.10027310371398926"
"multinerd/20000/google/flan-t5-xxl/pretrained-prefix","160104841b604d709e30275a005912ac","loss","6000","1778458882968","0.08733701705932617"
"multinerd/20000/google/flan-t5-xxl/pretrained-prefix","160104841b604d709e30275a005912ac","loss","6100","1778458922731","0.10053235054016113"
"multinerd/20000/google/flan-t5-xxl/pretrained-prefix","160104841b604d709e30275a005912ac","loss","6200","1778458963545","0.0860365867614746"
"multinerd/20000/google/flan-t5-xxl/pretrained-prefix","160104841b604d709e30275a005912ac","loss","6300","1778459004414","0.09454219818115234"
"multinerd/20000/google/flan-t5-xxl/pretrained-prefix","160104841b604d709e30275a005912ac","loss","6400","1778459046553","0.08245184898376465"
"multinerd/20000/google/flan-t5-xxl/pretrained-prefix","160104841b604d709e30275a005912ac","loss","6500","1778460277582","0.07132620334625245"
"multinerd/20000/google/flan-t5-xxl/pretrained-prefix","160104841b604d709e30275a005912ac","loss","6600","1778460318152","0.08488739013671875"
"multinerd/20000/google/flan-t5-xxl/pretrained-prefix","160104841b604d709e30275a005912ac","loss","6700","1778460359438","0.08666465759277343"
"multinerd/20000/google/flan-t5-xxl/pretrained-prefix","160104841b604d709e30275a005912ac","loss","6800","1778460401276","0.07917379856109619"
"multinerd/20000/google/flan-t5-xxl/pretrained-prefix","160104841b604d709e30275a005912ac","loss","6900","1778460441890","0.10826749801635742"
"multinerd/20000/google/flan-t5-xxl/pretrained-prefix","160104841b604d709e30275a005912ac","loss","7000","1778460482566","0.08048650741577149"
"multinerd/20000/google/flan-t5-xxl/pretrained-prefix","160104841b604d709e30275a005912ac","loss","7100","1778460523775","0.09454372406005859"
"multinerd/20000/google/flan-t5-xxl/pretrained-prefix","160104841b604d709e30275a005912ac","loss","7200","1778460564830","0.09091164588928223"
"multinerd/20000/google/flan-t5-xxl/pretrained-prefix","160104841b604d709e30275a005912ac","loss","7300","1778460606365","0.08155059814453125"
"multinerd/20000/google/flan-t5-xxl/pretrained-prefix","160104841b604d709e30275a005912ac","loss","7400","1778460647294","0.08749128341674804"
"multinerd/20000/google/flan-t5-xxl/pretrained-prefix","160104841b604d709e30275a005912ac","loss","7500","1778461880073","0.08394905090332032"
"multinerd/20000/google/flan-t5-xxl/fine-tune","97f4229f982b44aaa6b21622dea9a351","loss","100","1778435654375","0.12194498062133789"
"multinerd/20000/google/flan-t5-xxl/fine-tune","97f4229f982b44aaa6b21622dea9a351","loss","200","1778435727314","0.05292721748352051"
"multinerd/20000/google/flan-t5-xxl/fine-tune","97f4229f982b44aaa6b21622dea9a351","loss","300","1778435800536","0.06051455497741699"
"multinerd/20000/google/flan-t5-xxl/fine-tune","97f4229f982b44aaa6b21622dea9a351","loss","400","1778435873309","0.054263792037963866"
"multinerd/20000/google/flan-t5-xxl/fine-tune","97f4229f982b44aaa6b21622dea9a351","loss","500","1778435945384","0.031239774227142334"
"multinerd/20000/google/flan-t5-xxl/fine-tune","97f4229f982b44aaa6b21622dea9a351","loss","600","1778436018171","0.041730070114135744"
"multinerd/20000/google/flan-t5-xxl/fine-tune","97f4229f982b44aaa6b21622dea9a351","loss","700","1778436090006","0.04420272827148437"
"multinerd/20000/google/flan-t5-xxl/fine-tune","97f4229f982b44aaa6b21622dea9a351","loss","800","1778436163545","0.03264017820358276"
"multinerd/20000/google/flan-t5-xxl/fine-tune","97f4229f982b44aaa6b21622dea9a351","loss","900","1778436235157","0.029657955169677733"
"multinerd/20000/google/flan-t5-xxl/fine-tune","97f4229f982b44aaa6b21622dea9a351","loss","1000","1778436307764","0.04706348419189453"
"multinerd/20000/google/flan-t5-xxl/fine-tune","97f4229f982b44aaa6b21622dea9a351","loss","1100","1778437293962","0.05278076171875"
"multinerd/20000/google/flan-t5-xxl/fine-tune","97f4229f982b44aaa6b21622dea9a351","loss","1200","1778437366572","0.02535818815231323"
"multinerd/20000/google/flan-t5-xxl/fine-tune","97f4229f982b44aaa6b21622dea9a351","loss","1300","1778437439777","0.040174398422241214"
"multinerd/20000/google/flan-t5-xxl/fine-tune","97f4229f982b44aaa6b21622dea9a351","loss","1400","1778437511535","0.0297133469581604"
"multinerd/20000/google/flan-t5-xxl/fine-tune","97f4229f982b44aaa6b21622dea9a351","loss","1500","1778437584107","0.033037843704223635"
"multinerd/20000/google/flan-t5-xxl/fine-tune","97f4229f982b44aaa6b21622dea9a351","loss","1600","1778437656303","0.02596297025680542"
"multinerd/20000/google/flan-t5-xxl/fine-tune","97f4229f982b44aaa6b21622dea9a351","loss","1700","1778437728333","0.0325689172744751"
"multinerd/20000/google/flan-t5-xxl/fine-tune","97f4229f982b44aaa6b21622dea9a351","loss","1800","1778437800710","0.037351911067962644"
"multinerd/20000/google/flan-t5-xxl/fine-tune","97f4229f982b44aaa6b21622dea9a351","loss","1900","1778437873408","0.026699271202087402"
"multinerd/20000/google/flan-t5-xxl/fine-tune","97f4229f982b44aaa6b21622dea9a351","loss","2000","1778437946068","0.0270583176612854"
"multinerd/20000/google/flan-t5-xxl/fine-tune","97f4229f982b44aaa6b21622dea9a351","loss","2100","1778438018144","0.030872611999511718"
"multinerd/20000/google/flan-t5-xxl/fine-tune","97f4229f982b44aaa6b21622dea9a351","loss","2200","1778439006933","0.02604811429977417"
"multinerd/20000/google/flan-t5-xxl/fine-tune","97f4229f982b44aaa6b21622dea9a351","loss","2300","1778439079357","0.029697794914245606"
"multinerd/20000/google/flan-t5-xxl/fine-tune","97f4229f982b44aaa6b21622dea9a351","loss","2400","1778439151766","0.0421783971786499"
"multinerd/20000/google/flan-t5-xxl/fine-tune","97f4229f982b44aaa6b21622dea9a351","loss","2500","1778439223823","0.027163918018341063"
"multinerd/20000/google/flan-t5-xxl/fine-tune","97f4229f982b44aaa6b21622dea9a351","loss","2600","1778439295588","0.012232826948165893"
"multinerd/20000/google/flan-t5-xxl/fine-tune","97f4229f982b44aaa6b21622dea9a351","loss","2700","1778439367777","0.008989202976226806"
"multinerd/20000/google/flan-t5-xxl/fine-tune","97f4229f982b44aaa6b21622dea9a351","loss","2800","1778439441017","0.013148657083511352"
"multinerd/20000/google/flan-t5-xxl/fine-tune","97f4229f982b44aaa6b21622dea9a351","loss","2900","1778439513914","0.00802105724811554"
"multinerd/20000/google/flan-t5-xxl/fine-tune","97f4229f982b44aaa6b21622dea9a351","loss","3000","1778439586256","0.01724152088165283"
"multinerd/20000/google/flan-t5-xxl/fine-tune","97f4229f982b44aaa6b21622dea9a351","loss","3100","1778439659612","0.020357987880706786"
"multinerd/20000/google/flan-t5-xxl/fine-tune","97f4229f982b44aaa6b21622dea9a351","loss","3200","1778439732900","0.012047150135040284"
"multinerd/20000/google/flan-t5-xxl/fine-tune","97f4229f982b44aaa6b21622dea9a351","loss","3300","1778440719696","0.018527857065200805"
"multinerd/20000/google/flan-t5-xxl/fine-tune","97f4229f982b44aaa6b21622dea9a351","loss","3400","1778440791774","0.015411783456802369"
"multinerd/20000/google/flan-t5-xxl/fine-tune","97f4229f982b44aaa6b21622dea9a351","loss","3500","1778440864103","0.013915376663208008"
"multinerd/20000/google/flan-t5-xxl/fine-tune","97f4229f982b44aaa6b21622dea9a351","loss","3600","1778440936789","0.02626389980316162"
"multinerd/20000/google/flan-t5-xxl/fine-tune","97f4229f982b44aaa6b21622dea9a351","loss","3700","1778441009070","0.013393012285232543"
"multinerd/20000/google/flan-t5-xxl/fine-tune","97f4229f982b44aaa6b21622dea9a351","loss","3800","1778441081285","0.004444552361965179"
"multinerd/20000/google/flan-t5-xxl/fine-tune","97f4229f982b44aaa6b21622dea9a351","loss","3900","1778441153674","0.016058496236801147"
"multinerd/20000/google/flan-t5-xxl/fine-tune","97f4229f982b44aaa6b21622dea9a351","loss","4000","1778441225821","0.018436210155487062"
"multinerd/20000/google/flan-t5-xxl/fine-tune","97f4229f982b44aaa6b21622dea9a351","loss","4100","1778441297775","0.01981663703918457"
"multinerd/20000/google/flan-t5-xxl/fine-tune","97f4229f982b44aaa6b21622dea9a351","loss","4200","1778441369487","0.01616326332092285"
"multinerd/20000/google/flan-t5-xxl/fine-tune","97f4229f982b44aaa6b21622dea9a351","loss","4300","1778442357044","0.015900784730911256"
"multinerd/20000/google/flan-t5-xxl/fine-tune","97f4229f982b44aaa6b21622dea9a351","loss","4400","1778442429374","0.008585323691368102"
"multinerd/20000/google/flan-t5-xxl/fine-tune","97f4229f982b44aaa6b21622dea9a351","loss","4500","1778442501899","0.017919355630874635"
"multinerd/20000/google/flan-t5-xxl/fine-tune","97f4229f982b44aaa6b21622dea9a351","loss","4600","1778442574046","0.010860022306442261"
"multinerd/20000/google/flan-t5-xxl/fine-tune","97f4229f982b44aaa6b21622dea9a351","loss","4700","1778442646513","0.0214735746383667"
"multinerd/20000/google/flan-t5-xxl/fine-tune","97f4229f982b44aaa6b21622dea9a351","loss","4800","1778442718560","0.02191833734512329"
"multinerd/20000/google/flan-t5-xxl/fine-tune","97f4229f982b44aaa6b21622dea9a351","loss","4900","1778442792038","0.015272321701049805"
"multinerd/20000/google/flan-t5-xxl/fine-tune","97f4229f982b44aaa6b21622dea9a351","loss","5000","1778442864293","0.012025960683822633"
"multinerd/20000/google/flan-t5-xxl/fine-tune","97f4229f982b44aaa6b21622dea9a351","loss","5100","1778442937666","0.009776771664619446"
"multinerd/20000/google/flan-t5-xxl/fine-tune","97f4229f982b44aaa6b21622dea9a351","loss","5200","1778443010114","0.005097426176071167"
"multinerd/20000/google/flan-t5-xxl/fine-tune","97f4229f982b44aaa6b21622dea9a351","loss","5300","1778443083304","0.015464528799057006"
"multinerd/20000/google/flan-t5-xxl/fine-tune","97f4229f982b44aaa6b21622dea9a351","loss","5400","1778444068673","0.007956173419952393"
"multinerd/20000/google/flan-t5-xxl/fine-tune","97f4229f982b44aaa6b21622dea9a351","loss","5500","1778444140919","0.00490270048379898"
"multinerd/20000/google/flan-t5-xxl/fine-tune","97f4229f982b44aaa6b21622dea9a351","loss","5600","1778444213205","0.009469261169433594"
"multinerd/20000/google/flan-t5-xxl/fine-tune","97f4229f982b44aaa6b21622dea9a351","loss","5700","1778444285692","0.018350571393966675"
"multinerd/20000/google/flan-t5-xxl/fine-tune","97f4229f982b44aaa6b21622dea9a351","loss","5800","1778444357809","0.005806645750999451"
"multinerd/20000/google/flan-t5-xxl/fine-tune","97f4229f982b44aaa6b21622dea9a351","loss","5900","1778444430182","0.01906782031059265"
"multinerd/20000/google/flan-t5-xxl/fine-tune","97f4229f982b44aaa6b21622dea9a351","loss","6000","1778444503122","0.0035573205351829527"
"multinerd/20000/google/flan-t5-xxl/fine-tune","97f4229f982b44aaa6b21622dea9a351","loss","6100","1778444574512","0.02038332223892212"
"multinerd/20000/google/flan-t5-xxl/fine-tune","97f4229f982b44aaa6b21622dea9a351","loss","6200","1778444646933","0.014853066205978394"
"multinerd/20000/google/flan-t5-xxl/fine-tune","97f4229f982b44aaa6b21622dea9a351","loss","6300","1778444719293","0.005693808794021606"
"multinerd/20000/google/flan-t5-xxl/fine-tune","97f4229f982b44aaa6b21622dea9a351","loss","6400","1778444792606","0.009035729169845581"
"multinerd/20000/google/flan-t5-xxl/fine-tune","97f4229f982b44aaa6b21622dea9a351","loss","6500","1778445779250","0.0007882206141948699"
"multinerd/20000/google/flan-t5-xxl/fine-tune","97f4229f982b44aaa6b21622dea9a351","loss","6600","1778445850982","0.00813497006893158"
"multinerd/20000/google/flan-t5-xxl/fine-tune","97f4229f982b44aaa6b21622dea9a351","loss","6700","1778445923481","0.0025875440239906313"
"multinerd/20000/google/flan-t5-xxl/fine-tune","97f4229f982b44aaa6b21622dea9a351","loss","6800","1778445996528","0.0025783511996269226"
"multinerd/20000/google/flan-t5-xxl/fine-tune","97f4229f982b44aaa6b21622dea9a351","loss","6900","1778446068279","0.008059516549110413"
"multinerd/20000/google/flan-t5-xxl/fine-tune","97f4229f982b44aaa6b21622dea9a351","loss","7000","1778446140075","0.005915413498878479"
"multinerd/20000/google/flan-t5-xxl/fine-tune","97f4229f982b44aaa6b21622dea9a351","loss","7100","1778446212502","0.010018727779388427"
"multinerd/20000/google/flan-t5-xxl/fine-tune","97f4229f982b44aaa6b21622dea9a351","loss","7200","1778446284548","0.016644275188446044"
"multinerd/20000/google/flan-t5-xxl/fine-tune","97f4229f982b44aaa6b21622dea9a351","loss","7300","1778446356800","0.013721097707748414"
"multinerd/20000/google/flan-t5-xxl/fine-tune","97f4229f982b44aaa6b21622dea9a351","loss","7400","1778446428756","0.00987525999546051"
"multinerd/20000/google/flan-t5-xxl/fine-tune","97f4229f982b44aaa6b21622dea9a351","loss","7500","1778447415695","0.009767158031463623"
